Rank,Player,Team,Position,Year
1,Albert Pujols,STL,1B,2008
2,Manny Ramirez,LA,DH,2008
3,Lance Berkman,HOU,RF,2008
4,Roy Halladay,TOR,SP,2008
5,CC Sabathia,MIL,SP,2008
6,Hanley Ramirez,FLA,SS,2008
7,Cliff Lee,CLE,SP,2008
8,Tim Lincecum,SF,SP,2008
9,Mark Teixeira,LAA,1B,2008
10,David Wright,NYM,3B,2008
11,Carlos Ivan Beltran,NYM,RF,2008
11,Johan Santana,NYM,SP,2008
13,Joe Mauer,MIN,C,2008
14,Josh Hamilton,TEX,CF,2008
15,Matt Holliday,COL,LF,2008
16,Dustin Pedroia,BOS,2B,2008
17,Brandon Webb,ARI,SP,2008
18,Cole Hamels,PHI,SP,2008
19,Ervin Santana,LAA,SP,2008
20,Chipper Jones,ATL,3B,2008
21,Ryan Dempster,CHC,SP,2008
22,Grady Sizemore,CLE,CF,2008
23,Mariano Rivera,NYY,RP,2008
23,Chase Utley,PHI,2B,2008
25,Kevin Youkilis,BOS,3B,2008
26,Ryan Ludwick,STL,RF,2008
27,Jason Bay,BOS,LF,2008
28,Rich Harden,CHC,SP,2008
29,Dan Haren,ARI,SP,2008
30,Carlos Quentin,CWS,RF,2008
31,Nick Markakis,BAL,RF,2008
32,Adrian Gonzalez,SD,1B,2008
33,Joakim Soria,KC,RP,2008
34,Nate McLouth,PIT,CF,2008
35,Ryan Braun,MIL,LF,2008
36,Milton Bradley,TEX,RF,2008
37,Aubrey Huff,BAL,DH,2008
38,Carlos Pena,TB,1B,2008
39,Jon Lester,BOS,SP,2008
40,Brian Roberts,BAL,2B,2008
41,Mike Mussina,NYY,SP,2008
42,Joe Nathan,MIN,RP,2008
43,Ian Kinsler,TEX,2B,2008
44,Dan Uggla,FLA,2B,2008
45,Adam Dunn,ARI,DH,2008
46,Justin Morneau,MIN,1B,2008
47,Carlos Lee,HOU,LF,2008
48,Andre Ethier,LA,RF,2008
49,Curtis Granderson,DET,CF,2008
50,John Danks,CWS,SP,2008
51,Troy Glaus,STL,3B,2008
52,Jake Peavy,SD,SP,2008
53,Alex Rodriguez,NYY,3B,2008
54,Zack Greinke,KC,SP,2008
55,Ben Sheets,MIL,SP,2008
56,Edinson Volquez,CIN,SP,2008
57,Daisuke Matsuzaka,BOS,SP,2008
58,Miguel Cabrera,DET,1B,2008
59,Brad Lidge,PHI,RP,2008
60,Aramis Ramirez,CHC,3B,2008
61,Chad Billingsley,LA,SP,2008
62,Jose Reyes,NYM,SS,2008
63,Raul Ibanez,SEA,LF,2008
64,Pat Burrell,PHI,LF,2008
65,Randy Winn,SF,RF,2008
65,Xavier Nady,NYY,RF,2008
67,Roy Oswalt,HOU,SP,2008
68,Ricky Nolasco,FLA,SP,2008
69,J.P. Howell,TB,RP,2008
70,Derek Lowe,LA,SP,2008
71,B.J. Upton,TB,CF,2008
72,Vladimir Guerrero,LAA,DH,2008
73,Bobby Abreu,NYY,DH,2008
73,Carlos Marmol,CHC,RP,2008
75,Jonathan Papelbon,BOS,RP,2008
76,Mark DeRosa,CHC,LF,2008
77,Carlos Delgado,NYM,1B,2008
78,Joey Votto,CIN,1B,2008
79,Grant Balfour,TB,RP,2008
80,Brian McCann,ATL,C,2008
81,Justin Duchscherer,OAK,SP,2008
82,Jose Lopez,SEA,3B,2008
83,Russell Martin,LA,C,2008
84,Scott Baker,MIN,SP,2008
85,Joba Chamberlain,NYY,RP,2008
86,J.J. Hardy,MIL,SS,2008
87,Aaron Cook,COL,SP,2008
88,Mark Buehrle,CWS,SP,2008
89,James Shields,TB,SP,2008
90,Johnny Damon,NYY,DH,2008
91,Brian Giles,SD,LF,2008
92,Felix Hernandez,SEA,SP,2008
93,Kelly Johnson,ATL,2B,2008
94,Shin-Soo Choo,CLE,RF,2008
95,Jack Cust,OAK,DH,2008
96,Joe Saunders,LAA,SP,2008
97,Ryan Howard,PHI,1B,2008
98,Geovany Soto,CHC,C,2008
99,Chris Iannetta,COL,C,2008
100,Prince Fielder,MIL,1B,2008
1,Albert Pujols,STL,1B,2009
2,Zack Greinke,KC,SP,2009
3,Tim Lincecum,SF,SP,2009
4,Felix Hernandez,SEA,SP,2009
5,Chase Utley,PHI,2B,2009
6,Roy Halladay,TOR,SP,2009
7,Joe Mauer,MIN,C,2009
8,Hanley Ramirez,FLA,SS,2009
9,Ryan Braun,MIL,LF,2009
10,Prince Fielder,MIL,1B,2009
11,Justin Verlander,DET,SP,2009
12,Javier Vazquez,ATL,SP,2009
13,Adam Wainwright,STL,SP,2009
14,Adrian Gonzalez,SD,1B,2009
15,Jason Bay,BOS,LF,2009
16,Derrek Lee,CHC,1B,2009
17,Dan Haren,ARI,SP,2009
18,Ryan Howard,PHI,1B,2009
19,Ben Zobrist,TB,2B,2009
20,Chris Carpenter,STL,SP,2009
21,Ryan Zimmerman,WAS,3B,2009
22,Pablo Sandoval,SF,3B,2009
23,Cliff Lee,PHI,SP,2009
24,Joey Votto,CIN,1B,2009
25,CC Sabathia,NYY,SP,2009
26,Matt Holliday,STL,LF,2009
27,Kevin Youkilis,BOS,3B,2009
28,Matt Cain,SF,SP,2009
29,Aaron Hill,TOR,2B,2009
30,Evan Longoria,TB,3B,2009
31,Chone Figgins,LAA,3B,2009
32,Miguel Cabrera,DET,1B,2009
33,Jon Lester,BOS,SP,2009
34,Jair Jurrjens,ATL,SP,2009
35,Derek Jeter,NYY,SS,2009
36,Mariano Rivera,NYY,RP,2009
37,Mark Teixeira,NYY,1B,2009
38,Adam A Lind,TOR,DH,2009
39,Ubaldo Jimenez,COL,SP,2009
40,Josh Johnson,FLA,SP,2009
41,Shin-Soo Choo,CLE,RF,2009
42,Alex Rodriguez,NYY,3B,2009
43,Bobby Abreu,LAA,DH,2009
44,Mark Reynolds,ARI,3B,2009
45,Jayson Werth,PHI,RF,2009
46,Matt Kemp,LA,CF,2009
47,Todd Helton,COL,1B,2009
47,Ichiro Suzuki,SEA,RF,2009
49,Joe Nathan,MIN,RP,2009
50,Clayton Kershaw,LA,SP,2009
51,Miguel Tejada,HOU,SS,2009
52,Adam Dunn,WAS,DH,2009
53,Jonathan Papelbon,BOS,RP,2009
54,Johnny Damon,DET,DH,2009
55,Joel Pineiro,LAA,SP,2009
56,Wandy Rodriguez,HOU,SP,2009
57,Josh Beckett,BOS,SP,2009
58,Kendrys Morales,LAA,1B,2009
59,Jonathan Broxton,LA,RP,2009
60,Raul Ibanez,PHI,LF,2009
61,Randy Wolf,MIL,SP,2009
62,Ted Lilly,CHC,SP,2009
63,Miguel Tejada,BAL,SS,2009
64,Andre Ethier,LA,RF,2009
65,Lance Berkman,HOU,RF,2009
66,Jason Kubel,MIN,DH,2009
67,Troy Tulowitzki,COL,SS,2009
68,Justin Upton,ARI,RF,2009
69,Jason Bartlett,TB,SS,2009
70,Carl Demonte Crawford,TB,LF,2009
70,Ian Kinsler,TEX,2B,2009
72,Randy Wolf,LA,SP,2009
73,Andrew Bailey,OAK,RP,2009
74,Yunel Escobar,ATL,SS,2009
75,Casey Blake,LA,3B,2009
76,Nick Johnson,FLA,1B,2009
76,Marco Scutaro,BOS,SS,2009
78,Joakim Soria,KC,RP,2009
79,Marco Scutaro,TOR,SS,2009
80,Edwin Jackson,DET,SP,2009
80,Edwin Jackson,ARI,SP,2009
82,David Wright,NYM,3B,2009
83,Curtis Granderson,NYY,CF,2009
84,Johnny Damon,NYY,DH,2009
85,Justin Morneau,MIN,1B,2009
86,George Sherrill,LA,RP,2009
87,Matt Thornton,CWS,RP,2009
88,Jered Weaver,LAA,SP,2009
89,Tommy Hanson,ATL,SP,2009
90,Johan Santana,NYM,SP,2009
91,Huston Street,COL,RP,2009
92,J.A. Happ,PHI,SP,2009
93,Rafael Soriano,ATL,RP,2009
94,Nick Swisher,NYY,RF,2009
94,Billy Butler,KC,DH,2009
96,Nick Masset,CIN,RP,2009
97,Fernando Rodney,LAA,RP,2009
98,David Aardsma,SEA,RP,2009
99,Darren O'Day,TEX,RP,2009
100,Denard Span,MIN,CF,2009
1,Joey Votto,CIN,1B,2010
2,Albert Pujols,STL,1B,2010
3,Miguel Cabrera,DET,1B,2010
4,Josh Hamilton,TEX,LF,2010
5,Roy Halladay,PHI,SP,2010
6,Felix Hernandez,SEA,SP,2010
6,Robinson Cano,NYY,2B,2010
8,Jose Bautista,TOR,RF,2010
9,Adrian Gonzalez,SD,1B,2010
10,Paul Konerko,CHW,1B,2010
10,Matt Holliday,STL,LF,2010
12,Adam Wainwright,STL,SP,2010
13,Carlos Gonzalez,COL,LF,2010
14,Evan Longoria,TB,3B,2010
15,Aubrey Huff,SF,1B,2010
16,Carl Demonte Crawford,TB,LF,2010
17,Ryan Braun,MIL,LF,2010
18,Shin-Soo Choo,CLE,RF,2010
19,Roy Oswalt,PHI,SP,2010
20,Ubaldo Jimenez,COL,SP,2010
21,Jered Weaver,LAA,SP,2010
22,Jayson Werth,PHI,RF,2010
23,CC Sabathia,NYY,SP,2010
24,Dan Uggla,FLA,2B,2010
25,Ryan Zimmerman,WSH,3B,2010
26,Joe Mauer,MIN,C,2010
27,David Price,TB,SP,2010
28,Rickie Weeks,MIL,2B,2010
29,Josh Johnson,FLA,SP,2010
30,David Wright,NYM,3B,2010
31,Jon Lester,BOS,SP,2010
32,Hanley Ramirez,FLA,SS,2010
33,Alex Rodriguez,NYY,3B,2010
34,Tim Hudson,ATL,SP,2010
35,Troy Tulowitzki,COL,SS,2010
36,David Ortiz,BOS,DH,2010
37,Prince Fielder,MIL,1B,2010
38,Brian Wilson,SF,RP,2010
39,Nick Swisher,NYY,RF,2010
40,Cliff Lee,TEX,SP,2010
41,Nelson Cruz,TEX,RF,2010
42,Justin Verlander,DET,SP,2010
43,Kelly Johnson,ARI,2B,2010
44,Rafael Soriano,TB,RP,2010
44,Cole Hamels,PHI,SP,2010
46,Kevin Youkilis,BOS,3B,2010
47,Andrew McCutchen,PIT,CF,2010
48,Matt Cain,SF,SP,2010
49,Billy Butler,KC,DH,2010
49,Carlos Marmol,CHC,RP,2010
51,Neftali Feliz,TEX,RP,2010
52,Corey Hart,MIL,RF,2010
53,Joakim Soria,KC,RP,2010
54,Chase Utley,PHI,2B,2010
55,Johan Santana,NYM,SP,2010
56,Brian McCann,ATL,C,2010
57,Clayton Kershaw,LAD,SP,2010
58,Adam Dunn,WSH,DH,2010
59,Alex Rios,CHW,CF,2010
59,Martin Prado,ATL,LF,2010
59,Mat Latos,SD,SP,2010
62,Brett Myers,HOU,SP,2010
63,Chris Young,ARI,CF,2010
64,Billy Wagner,ATL,RP,2010
65,Adrian Beltre,BOS,3B,2010
65,Mark Teixeira,NYY,1B,2010
67,Jason Heyward,ATL,RF,2010
68,Tim Lincecum,SF,SP,2010
69,C.J. Wilson,TEX,SP,2010
70,Scott Rolen,CIN,3B,2010
71,Daniel Bard,BOS,RP,2010
72,Vladimir Guerrero,TEX,DH,2010
73,Vernon Wells,TOR,CF,2010
74,Carlos Ruiz,PHI,C,2010
75,Luke Scott,BAL,DH,2010
76,Clay Buchholz,BOS,SP,2010
77,Joaquin Benoit,TB,RP,2010
78,Hong-Chih Kuo,LAD,RP,2010
79,Brett Gardner,NYY,LF,2010
80,Heath Bell,SD,RP,2010
81,Andres Torres,SF,CF,2010
82,Nick Markakis,BAL,RF,2010
83,Mariano Rivera,NYY,RP,2010
84,Trevor Cahill,OAK,SP,2010
85,Victor Martinez,BOS,DH,2010
86,Gio Gonzalez,OAK,SP,2010
87,John Danks,CHW,SP,2010
88,Dustin Pedroia,BOS,2B,2010
89,Chris Carpenter,STL,SP,2010
90,Stephen Drew,ARI,SS,2010
91,Jay Bruce,CIN,RF,2010
92,Jonathan Sanchez,SF,SP,2010
93,Andre Ethier,LAD,RF,2010
94,Delmon Young,MIN,LF,2010
94,Hunter Pence,HOU,RF,2010
96,R.A. Dickey,NYM,SP,2010
97,Placido Polanco,PHI,3B,2010
98,Mike Adams,SD,RP,2010
99,Colby Lewis,TEX,SP,2010
99,Austin Jackson,DET,CF,2010
1,Matt Kemp,LAD,CF,2011
2,Miguel Cabrera,DET,1B,2011
2,Jose Bautista,TOR,RF,2011
4,Ryan Braun,MIL,LF,2011
5,Jacoby Ellsbury,BOS,CF,2011
5,Joey Votto,CIN,1B,2011
7,Justin Verlander,DET,SP,2011
8,Prince Fielder,MIL,1B,2011
9,Cliff Lee,PHI,SP,2011
10,Adrian Gonzalez,BOS,1B,2011
11,Roy Halladay,PHI,SP,2011
11,Clayton Kershaw,LAD,SP,2011
13,Albert Pujols,STL,1B,2011
14,Jered Weaver,LAA,SP,2011
15,Curtis Granderson,NYY,CF,2011
15,Robinson Cano,NYY,2B,2011
17,James Shields,TB,SP,2011
18,Dustin Pedroia,BOS,2B,2011
19,Lance Berkman,STL,RF,2011
20,Alex Gordon,KC,LF,2011
21,Justin Upton,ARI,RF,2011
22,Hunter Pence,PHI,RF,2011
23,Ian Kinsler,TEX,2B,2011
24,Cole Hamels,PHI,SP,2011
25,CC Sabathia,NYY,SP,2011
26,Troy Tulowitzki,COL,SS,2011
27,Andrew McCutchen,PIT,CF,2011
28,Dan Haren,LAA,SP,2011
29,Paul Konerko,CHW,1B,2011
30,Ian Kennedy,ARI,SP,2011
31,Carlos Ivan Beltran,SF,RF,2011
32,Jose Reyes,NYM,SS,2011
33,Michael Young,TEX,DH,2011
34,Alex Avila,DET,C,2011
35,David Ortiz,BOS,DH,2011
36,Michael Morse,WSH,1B,2011
37,Evan Longoria,TB,3B,2011
38,Ricky Romero,TOR,SP,2011
39,Doug Fister,DET,SP,2011
40,Tyler Clippard,WSH,RP,2011
41,C.J. Wilson,TEX,SP,2011
42,Josh Hamilton,TEX,LF,2011
43,Tim Lincecum,SF,SP,2011
43,David Robertson,NYY,RP,2011
45,Carlos Gonzalez,COL,LF,2011
46,Josh Beckett,BOS,SP,2011
47,Mariano Rivera,NYY,RP,2011
48,Giancarlo Stanton,FLA,RF,2011
49,Victor Martinez,DET,DH,2011
50,Matt Holliday,STL,LF,2011
51,Brandon Phillips,CIN,2B,2011
52,Mike Anthony Napoli,TEX,C,2011
53,Shane Victorino,PHI,CF,2011
54,Matt Cain,SF,SP,2011
54,Craig Kimbrel,ATL,RP,2011
56,J.J. Putz,ARI,RP,2011
57,Aramis Ramirez,CHC,3B,2011
58,Mike Adams,TEX,RP,2011
59,Adrian Beltre,TEX,3B,2011
59,Koji Uehara,TEX,RP,2011
61,Pablo Sandoval,SF,3B,2011
62,Ben Zobrist,TB,2B,2011
63,Jonny Venters,ATL,RP,2011
63,Greg Holland,KC,RP,2011
65,John Axford,MIL,RP,2011
66,Melky Cabrera,KC,CF,2011
67,Jonathan Papelbon,BOS,RP,2011
68,Michael Bourn,ATL,CF,2011
69,Sergio Romo,SF,RP,2011
70,Drew Storen,WSH,RP,2011
71,Eric O'Flaherty,ATL,RP,2011
72,Yunel Escobar,TOR,SS,2011
73,Felix Hernandez,SEA,SP,2011
74,Starlin Castro,CHC,SS,2011
75,Nick Swisher,NYY,RF,2011
76,Madison Bumgarner,SF,SP,2011
77,B.J. Upton,TB,CF,2011
78,Carlos Santana,CLE,C,2011
79,Todd Helton,COL,1B,2011
79,Miguel Montero,ARI,C,2011
81,Sean Marshall,CHC,RP,2011
82,Jhonny Peralta,DET,SS,2011
83,Joel Hanrahan,PIT,RP,2011
84,Elvis Andrus,TEX,SS,2011
85,Kevin Youkilis,BOS,3B,2011
85,Ervin Santana,LAA,SP,2011
87,Billy Butler,KC,DH,2011
88,Jeremy Hellickson,TB,SP,2011
89,Chris Young,ARI,CF,2011
90,Neil Walker,PIT,2B,2011
91,Yadier Molina,STL,C,2011
92,Adam Jones,BAL,CF,2011
93,Justin Masterson,CLE,SP,2011
93,Daniel Hudson,ARI,SP,2011
95,Ryan Madson,PHI,RP,2011
95,Nyjer Morgan,MIL,CF,2011
97,Tim Hudson,ATL,SP,2011
98,Jay Bruce,CIN,RF,2011
99,Corey Hart,MIL,RF,2011
100,Carlos Lee,HOU,LF,2011
1,Miguel Cabrera,DET,3B,2012
2,Ryan Braun,MIL,LF,2012
3,Mike Trout,LAA,CF,2012
4,Andrew McCutchen,PIT,CF,2012
5,Justin Verlander,DET,SP,2012
6,Buster Posey,SF,C,2012
7,Prince Fielder,DET,1B,2012
8,Chase Headley,SD,3B,2012
9,Clayton Kershaw,LAD,SP,2012
10,David Wright,NYM,3B,2012
11,Edwin Encarnacion,TOR,1B,2012
12,David Price,TB,SP,2012
13,Fernando Rodney,TB,RP,2012
14,R.A. Dickey,NYM,SP,2012
15,Robinson Cano,NYY,2B,2012
16,Aramis Ramirez,MIL,3B,2012
17,Joey Votto,CIN,1B,2012
18,Josh Willingham,MIN,LF,2012
18,Craig Kimbrel,ATL,RP,2012
20,Josh Hamilton,TEX,CF,2012
21,Adrian Beltre,TEX,3B,2012
22,Felix Hernandez,SEA,SP,2012
23,Joe Mauer,MIN,C,2012
24,Cole Hamels,PHI,SP,2012
25,Billy Butler,KC,DH,2012
26,Adam Jones,BAL,CF,2012
27,Austin Jackson,DET,CF,2012
28,Albert Pujols,LAA,1B,2012
29,Matt Holliday,STL,LF,2012
30,Yadier Molina,STL,C,2012
31,Chris Sale,CHW,SP,2012
32,Ben Zobrist,TB,RF,2012
33,Aaron Hill,ARI,2B,2012
34,Aroldis Chapman,CIN,RP,2012
35,Matt Cain,SF,SP,2012
36,Alex Rios,CHW,RF,2012
37,Kyle Lohse,STL,SP,2012
37,Cliff Lee,PHI,SP,2012
39,Melky Cabrera,SF,LF,2012
40,Johnny Cueto,CIN,SP,2012
41,Giancarlo Stanton,MIA,RF,2012
42,Gio Gonzalez,WSH,SP,2012
43,Jered Weaver,LAA,SP,2012
44,Adam LaRoche,WSH,1B,2012
45,Adrian Gonzalez,LAD,1B,2012
46,Angel Pagan,SF,CF,2012
47,Jose Reyes,MIA,SS,2012
48,Torii Hunter,LAA,RF,2012
49,Jason Heyward,ATL,RF,2012
50,Jake Peavy,CHW,SP,2012
51,Shin-Soo Choo,CLE,RF,2012
51,Ryan Zimmerman,WSH,3B,2012
53,CC Sabathia,NYY,SP,2012
53,Martin Prado,ATL,LF,2012
55,Miguel Montero,ARI,C,2012
56,Mat Latos,CIN,SP,2012
57,Marco Scutaro,SF,2B,2012
58,Zack Greinke,LAA,SP,2012
59,Yoenis Cespedes,OAK,LF,2012
60,Carlos Ruiz,PHI,C,2012
61,Matt Kemp,LAD,CF,2012
62,Jordan Zimmermann,WSH,SP,2012
63,Darren O'Day,BAL,RP,2012
64,Nick Swisher,NYY,RF,2012
65,Ryan Cook,OAK,RP,2012
66,Kris Medlen,ATL,RP,2012
67,Carlos Gonzalez,COL,LF,2012
67,Sergio Romo,SF,RP,2012
69,Dustin Pedroia,BOS,2B,2012
70,Carlos Ivan Beltran,STL,RF,2012
71,Tom Wilhelmsen,SEA,RP,2012
72,Bryce Harper,WSH,CF,2012
73,Alfonso Soriano,CHC,LF,2012
73,Hiroki Kuroda,NYY,SP,2012
75,Michael Bourn,ATL,CF,2012
76,Alex Gordon,KC,LF,2012
77,Matt Harrison,TEX,SP,2012
78,Carlos Santana,CLE,C,2012
79,Stephen Strasburg,WSH,SP,2012
80,Grant Balfour,OAK,RP,2012
81,Casey Janssen,TOR,RP,2012
82,Jim Johnson,BAL,RP,2012
83,David Freese,STL,3B,2012
84,Jake McGee,TB,RP,2012
85,Wade Miley,ARI,SP,2012
86,Paul Konerko,CHW,1B,2012
87,Jay Bruce,CIN,RF,2012
88,Kelvin Herrera,KC,RP,2012
89,Jared Burton,MIN,RP,2012
90,David Murphy,TEX,LF,2012
90,Elvis Andrus,TEX,SS,2012
92,Curtis Granderson,NYY,CF,2012
92,James Shields,TB,SP,2012
94,Kenley Jansen,LAD,RP,2012
95,Ernesto Frieri,LAA,RP,2012
96,Corey Hart,MIL,1B,2012
97,Jason Motte,STL,RP,2012
97,Starlin Castro,CHC,SS,2012
99,Ian Desmond,WSH,SS,2012
100,Allen Craig,STL,1B,2012
1,Mike Trout,LAA,CF,2013
2,Miguel Cabrera,DET,3B,2013
3,Clayton Kershaw,LAD,SP,2013
4,Paul Goldschmidt,ARI,1B,2013
5,Matt Carpenter,STL,2B,2013
6,Andrew McCutchen,PIT,CF,2013
7,Joey Votto,CIN,1B,2013
8,Chris Davis,BAL,1B,2013
9,Josh Donaldson,OAK,3B,2013
10,Shin-Soo Choo,CIN,CF,2013
11,Freddie Freeman,ATL,1B,2013
12,Robinson Cano,NYY,2B,2013
13,Max Scherzer,DET,SP,2013
14,Edwin Encarnacion,TOR,1B,2013
15,Jason Kipnis,CLE,2B,2013
16,Cliff Lee,PHI,SP,2013
17,Yu Darvish,TEX,SP,2013
18,David Ortiz,BOS,DH,2013
18,Hisashi Iwakuma,SEA,SP,2013
20,Matt Holliday,STL,LF,2013
21,Greg Holland,KC,RP,2013
22,Jose Fernandez,MIA,SP,2013
23,Jayson Werth,WSH,RF,2013
24,Koji Uehara,BOS,RP,2013
25,Adam Wainwright,STL,SP,2013
26,Chris Sale,CHW,SP,2013
27,Matt Harvey,NYM,SP,2013
28,Evan Longoria,TB,3B,2013
29,Carlos Santana,CLE,C,2013
30,Dustin Pedroia,BOS,2B,2013
31,Joe Nathan,TEX,RP,2013
32,Carlos Gomez,MIL,CF,2013
33,Troy Tulowitzki,COL,SS,2013
34,Craig Kimbrel,ATL,RP,2013
35,Hunter Pence,SF,RF,2013
36,Ryan Zimmerman,WSH,3B,2013
37,Yadier Molina,STL,C,2013
38,Adrian Beltre,TEX,3B,2013
39,David Wright,NYM,3B,2013
40,Jay Bruce,CIN,RF,2013
41,Kenley Jansen,LAD,RP,2013
42,Joe Mauer,MIN,C,2013
43,Eric Hosmer,KC,1B,2013
44,Jacoby Ellsbury,BOS,CF,2013
45,Michael Cuddyer,COL,RF,2013
45,Buster Posey,SF,C,2013
47,Bartolo Colon,OAK,SP,2013
47,Ben Zobrist,TB,2B,2013
49,Adam Jones,BAL,CF,2013
50,Prince Fielder,DET,1B,2013
51,Felix Hernandez,SEA,SP,2013
51,Mark Melancon,PIT,RP,2013
51,Kyle Seager,SEA,3B,2013
54,Carlos Gonzalez,COL,LF,2013
55,Madison Bumgarner,SF,SP,2013
56,Justin Upton,ATL,LF,2013
57,Anibal Sanchez,DET,SP,2013
58,Zack Greinke,LAD,SP,2013
59,Hanley Ramirez,LAD,SS,2013
59,Allen Craig,STL,1B,2013
61,Coco Crisp,OAK,CF,2013
62,Brandon Belt,SF,1B,2013
63,Mariano Rivera,NYY,RP,2013
64,Shane Victorino,BOS,RF,2013
65,Jose Bautista,TOR,RF,2013
66,Alfonso Soriano,NYY,LF,2013
67,Mat Latos,CIN,SP,2013
68,Glen Perkins,MIN,RP,2013
69,Bryce Harper,WSH,LF,2013
69,Manny Machado,BAL,3B,2013
71,Jordan Zimmermann,WSH,SP,2013
72,Joaquin Benoit,DET,RP,2013
73,Yasiel Puig,LAD,RF,2013
74,Ervin Santana,KC,SP,2013
74,Travis Wood,CHC,SP,2013
76,Patrick Corbin,ARI,SP,2013
77,Jean Segura,MIL,SS,2013
78,Ian Kinsler,TEX,2B,2013
79,James Shields,KC,SP,2013
80,Giancarlo Stanton,MIA,RF,2013
81,Neal Cotts,TEX,RP,2013
81,Ian Desmond,WSH,SS,2013
83,Pedro Alvarez,PIT,3B,2013
84,Adrian Gonzalez,LAD,1B,2013
85,Chase Utley,PHI,2B,2013
86,Marlon Byrd,PIT,RF,2013
86,Clay Buchholz,BOS,SP,2013
88,Mike Anthony Napoli,BOS,1B,2013
89,Jonathan Lucroy,MIL,C,2013
90,Edward Mujica,STL,RP,2013
90,Derek Holland,TEX,SP,2013
92,Stephen Strasburg,WSH,SP,2013
93,Carlos Ivan Beltran,STL,RF,2013
94,Jhonny Peralta,DET,SS,2013
95,Brett Gardner,NYY,CF,2013
96,Justin Masterson,CLE,SP,2013
97,Julio Teheran,ATL,SP,2013
98,Hiroki Kuroda,NYY,SP,2013
98,Tony Watson,PIT,RP,2013
100,Billy Butler,KC,DH,2013
1,Mike Trout,LAA,CF,2014
2,Victor Martinez,DET,DH,2014
3,Andrew McCutchen,PIT,CF,2014
3,Giancarlo Stanton,MIA,RF,2014
5,Johnny Cueto,CIN,SP,2014
5,Clayton Kershaw,LAD,SP,2014
7,Miguel Cabrera,DET,1B,2014
8,Michael Brantley,CLE,LF,2014
9,Adam Wainwright,STL,SP,2014
10,Corey Kluber,CLE,SP,2014
11,Jose Abreu,CHW,1B,2014
12,Felix Hernandez,SEA,SP,2014
13,Buster Posey,SF,C,2014
14,Jayson Werth,WSH,RF,2014
15,Jose Bautista,TOR,RF,2014
16,Josh Donaldson,OAK,3B,2014
17,Chris Sale,CHW,SP,2014
18,Matt Holliday,STL,LF,2014
19,Jon Lester,OAK,SP,2014
20,Anthony Rizzo,CHC,1B,2014
21,Denard Span,WSH,CF,2014
21,Jonathan Lucroy,MIL,C,2014
23,Jose Altuve,HOU,2B,2014
24,Max Scherzer,DET,SP,2014
25,Adrian Gonzalez,LAD,1B,2014
26,Albert Pujols,LAA,1B,2014
27,Adam LaRoche,WSH,1B,2014
28,David Ortiz,BOS,DH,2014
28,Freddie Freeman,ATL,1B,2014
30,Nelson Cruz,BAL,DH,2014
31,Matt Carpenter,STL,3B,2014
32,Hunter Pence,SF,RF,2014
33,Dellin Betances,NYY,RP,2014
34,Yasiel Puig,LAD,RF,2014
35,Greg Holland,KC,RP,2014
36,Huston Street,LAA,RP,2014
37,Carlos Santana,CLE,1B,2014
38,Jake Arrieta,CHC,SP,2014
39,Craig Kimbrel,ATL,RP,2014
39,Zack Britton,BAL,RP,2014
41,Garrett Richards,LAA,SP,2014
42,Cole Hamels,PHI,SP,2014
42,Yoenis Cespedes,BOS,LF,2014
44,Justin Morneau,COL,1B,2014
44,Robinson Cano,SEA,2B,2014
46,Christian Yelich,MIA,LF,2014
46,Anthony Rendon,WSH,3B,2014
48,Adrian Beltre,TEX,3B,2014
48,Wade Davis,KC,RP,2014
50,Justin Upton,ATL,LF,2014
51,Doug Fister,WSH,SP,2014
52,Todd Frazier,CIN,3B,2014
53,Alex Gordon,KC,LF,2014
54,Casey McGehee,MIA,3B,2014
55,Jonathan Papelbon,PHI,RP,2014
56,Josh Harrison,PIT,3B,2014
57,Lucas Duda,NYM,1B,2014
58,Neil Walker,PIT,2B,2014
59,Scott Atchison,CLE,RP,2014
59,David Price,DET,SP,2014
59,Starling Marte,PIT,LF,2014
62,Carlos Gomez,MIL,CF,2014
62,Henderson Alvarez,MIA,SP,2014
62,Corey Dickerson,COL,LF,2014
65,Jake McGee,TB,RP,2014
66,Lance Lynn,STL,SP,2014
67,Aroldis Chapman,CIN,RP,2014
68,Howie Kendrick,LAA,2B,2014
69,Joe Smith,LAA,RP,2014
70,Zack Greinke,LAD,SP,2014
71,Julio Teheran,ATL,SP,2014
72,Tanner Roark,WSH,SP,2014
73,J.D. Martinez,DET,LF,2014
74,Jose Reyes,TOR,SS,2014
75,Melky Cabrera,TOR,LF,2014
75,Brian Dozier,MIN,2B,2014
77,Ken Giles,PHI,RP,2014
78,Mark Melancon,PIT,RP,2014
79,Paul Goldschmidt,ARI,1B,2014
80,Chris Carter,HOU,DH,2014
81,Ian Desmond,WSH,SS,2014
82,Tony Watson,PIT,RP,2014
83,James Shields,KC,SP,2014
84,Edwin Encarnacion,TOR,1B,2014
84,Jason Heyward,ATL,RF,2014
86,Joaquin Benoit,SD,RP,2014
86,Madison Bumgarner,SF,SP,2014
88,Ian Kinsler,DET,2B,2014
88,Kyle Seager,SEA,3B,2014
90,Matt Kemp,LAD,LF,2014
91,David Robertson,NYY,RP,2014
92,Darren O'Day,BAL,RP,2014
93,Pat Neshek,STL,RP,2014
93,Jacoby Ellsbury,NYY,CF,2014
95,Adam Jones,BAL,CF,2014
95,Jeff Samardzija,OAK,SP,2014
95,Collin McHugh,HOU,SP,2014
98,Carlos Carrasco,CLE,RP,2014
99,Alex Cobb,TB,SP,2014
100,Russell Martin,PIT,C,2014
1,Paul Goldschmidt,ARI,1B,2015
2,Jake Arrieta,CHC,SP,2015
3,Zack Greinke,LAD,SP,2015
3,Bryce Harper,WSH,RF,2015
5,Josh Donaldson,TOR,3B,2015
5,Anthony Rizzo,CHC,1B,2015
7,Clayton Kershaw,LAD,SP,2015
7,Mike Trout,LAA,CF,2015
9,Joey Votto,CIN,1B,2015
10,Dallas Keuchel,HOU,SP,2015
11,Andrew McCutchen,PIT,CF,2015
12,David Price,TOR,SP,2015
13,Jose Bautista,TOR,RF,2015
14,Kris Bryant,CHC,3B,2015
15,Nelson Cruz,SEA,RF,2015
15,Chris Davis,BAL,1B,2015
17,Matt Carpenter,STL,3B,2015
18,AJ Pollock,ARI,CF,2015
19,Buster Posey,SF,C,2015
19,Eric Hosmer,KC,1B,2015
21,Sonny Gray,OAK,SP,2015
22,Max Scherzer,WSH,SP,2015
23,Andrew Miller,NYY,RP,2015
24,Edwin Encarnacion,TOR,DH,2015
24,Mark Melancon,PIT,RP,2015
26,Lorenzo Cain,KC,CF,2015
27,Gerrit Cole,PIT,SP,2015
28,Jacob deGrom,NYM,SP,2015
29,Curtis Granderson,NYM,RF,2015
30,Madison Bumgarner,SF,SP,2015
31,John Lackey,STL,SP,2015
32,Adrian Gonzalez,LAD,1B,2015
33,Miguel Cabrera,DET,1B,2015
33,Carlos Gonzalez,COL,RF,2015
35,Yoenis Cespedes,NYM,CF,2015
36,Nolan Arenado,COL,3B,2015
37,Jeurys Familia,NYM,RP,2015
38,Seth Maness,STL,RP,2015
39,Matt Harvey,NYM,SP,2015
40,David Ortiz,BOS,DH,2015
41,Kendrys Morales,KC,DH,2015
42,Chris Sale,CHW,SP,2015
43,Chris Archer,TB,SP,2015
44,Wade Davis,KC,RP,2015
45,Dee Strange-Gordon,MIA,2B,2015
46,Marco Estrada,TOR,SP,2015
46,Michael Brantley,CLE,LF,2015
48,Trevor Rosenthal,STL,RP,2015
49,Shin-Soo Choo,TEX,RF,2015
49,Zack Britton,BAL,RP,2015
49,Dellin Betances,NYY,RP,2015
52,Alex Rodriguez,NYY,DH,2015
53,Jaime Garcia,STL,SP,2015
53,Manny Machado,BAL,3B,2015
53,Jose Altuve,HOU,2B,2015
56,Adam Eaton,CHW,CF,2015
57,Jose Abreu,CHW,1B,2015
58,Matt Kemp,SD,RF,2015
59,Felix Hernandez,SEA,SP,2015
60,Prince Fielder,TEX,DH,2015
61,Aroldis Chapman,CIN,RP,2015
61,Craig Kimbrel,SD,RP,2015
63,Shawn Tolleson,TEX,RP,2015
64,David Peralta,ARI,LF,2015
65,Justin Upton,SD,LF,2015
65,Jason Kipnis,CLE,2B,2015
67,Jon Lester,CHC,SP,2015
68,Carlos Martinez,STL,SP,2015
69,Justin Wilson,NYY,RP,2015
70,Francisco Rodriguez,MIL,RP,2015
70,Jason Heyward,STL,RF,2015
72,Mookie Betts,BOS,CF,2015
73,Kenley Jansen,LAD,RP,2015
73,Xander Bogaerts,BOS,SS,2015
75,Brad Ziegler,ARI,RP,2015
75,Hector Rondon,CHC,RP,2015
77,J.D. Martinez,DET,RF,2015
77,Jose Quintana,CHW,SP,2015
79,Adam A Lind,MIL,1B,2015
80,Corey Kluber,CLE,SP,2015
81,Tony Watson,PIT,RP,2015
82,Cole Hamels,TEX,SP,2015
83,Mark Teixeira,NYY,1B,2015
84,Miguel Sano,MIN,DH,2015
85,Starling Marte,PIT,LF,2015
85,Matt Duffy,SF,3B,2015
87,Robinson Cano,SEA,2B,2015
87,Yunel Escobar,WSH,3B,2015
89,Johnny Cueto,KC,SP,2015
89,Brian Dozier,MIN,2B,2015
91,Yovani Gallardo,TEX,SP,2015
92,Ryan Braun,MIL,RF,2015
93,Huston Street,LAA,RP,2015
94,Lucas Duda,NYM,1B,2015
95,A.J. Burnett,PIT,SP,2015
95,Darren O'Day,BAL,RP,2015
97,Michael Wacha,STL,SP,2015
98,Albert Pujols,LAA,1B,2015
99,Dexter Fowler,CHC,CF,2015
100,Kole Calhoun,LAA,RF,2015
1,Mike Trout,LAA,CF,2016
2,Jon Lester,CHC,SP,2016
3,Joey Votto,CIN,1B,2016
3,Johnny Cueto,SF,SP,2016
3,Freddie Freeman,ATL,1B,2016
3,Paul Goldschmidt,ARI,1B,2016
7,David Ortiz,BOS,DH,2016
7,Josh Donaldson,TOR,3B,2016
9,Max Scherzer,WSH,SP,2016
9,Anthony Rizzo,CHC,1B,2016
11,Justin Verlander,DET,SP,2016
12,Daniel Murphy,WSH,2B,2016
13,Kyle Hendricks,CHC,SP,2016
14,Nolan Arenado,COL,3B,2016
15,Jose Altuve,HOU,2B,2016
16,Zack Britton,BAL,RP,2016
17,Clayton Kershaw,LAD,SP,2016
18,Robinson Cano,SEA,2B,2016
19,Miguel Cabrera,DET,1B,2016
20,Mookie Betts,BOS,RF,2016
21,Adrian Beltre,TEX,3B,2016
22,Aaron Sanchez,TOR,SP,2016
23,Madison Bumgarner,SF,SP,2016
24,Kris Bryant,CHC,3B,2016
25,Rick Porcello,BOS,SP,2016
26,Jose Fernandez,MIA,SP,2016
27,Christian Yelich,MIA,LF,2016
28,Chris Sale,CHW,SP,2016
29,Tanner Roark,WSH,SP,2016
30,Corey Seager,LAD,SS,2016
31,Charlie Blackmon,COL,CF,2016
32,Corey Kluber,CLE,SP,2016
33,Masahiro Tanaka,NYY,SP,2016
34,Dustin Pedroia,BOS,2B,2016
35,Andrew Miller,CLE,RP,2016
36,Cole Hamels,TEX,SP,2016
37,J.A. Happ,TOR,SP,2016
38,Mark Melancon,WSH,RP,2016
39,Jose Ramirez,CLE,3B,2016
40,Rich Hill,LAD,SP,2016
40,Bryce Harper,WSH,RF,2016
40,Jose Quintana,CHW,SP,2016
43,Nelson Cruz,SEA,DH,2016
43,Jake Arrieta,CHC,SP,2016
43,Carlos Santana,CLE,DH,2016
46,Noah Syndergaard,NYM,SP,2016
47,Jean Segura,ARI,2B,2016
48,Carlos Correa,HOU,SS,2016
49,Aroldis Chapman,CHC,RP,2016
50,Hanley Ramirez,BOS,1B,2016
51,Xander Bogaerts,BOS,SS,2016
52,Manny Machado,BAL,3B,2016
53,Wil Myers,SD,1B,2016
54,DJ LeMahieu,COL,2B,2016
55,Ian Desmond,TEX,CF,2016
56,Edwin Encarnacion,TOR,DH,2016
57,Matt Carpenter,STL,3B,2016
57,Sam Dyson,TEX,RP,2016
59,Roberto Osuna,TOR,RP,2016
60,Kenley Jansen,LAD,RP,2016
60,Danny Duffy,KC,SP,2016
60,Carlos Martinez,STL,SP,2016
63,Jason Kipnis,CLE,2B,2016
64,Kyle Seager,SEA,3B,2016
65,Brandon Belt,SF,1B,2016
66,Jonathan Villar,MIL,SS,2016
67,Albert Pujols,LAA,DH,2016
68,Julio Teheran,ATL,SP,2016
69,Elvis Andrus,TEX,SS,2016
70,Seunghwan Oh,STL,RP,2016
71,Justin Turner,LAD,3B,2016
72,Martin Prado,MIA,3B,2016
73,Anthony Rendon,WSH,3B,2016
73,Cody Allen,CLE,RP,2016
75,Ian Kinsler,DET,2B,2016
76,Yoenis Cespedes,NYM,LF,2016
77,George Springer,HOU,RF,2016
77,Francisco Lindor,CLE,SS,2016
79,Wilson Ramos,WSH,C,2016
80,Evan Longoria,TB,3B,2016
81,Chris Davis,BAL,1B,2016
82,Jake Lamb,ARI,3B,2016
82,Junior Guerra,MIL,SP,2016
84,Ben Zobrist,CHC,2B,2016
84,Jeurys Familia,NYM,RP,2016
86,Marco Estrada,TOR,SP,2016
87,Starling Marte,PIT,LF,2016
88,Brian Dozier,MIN,2B,2016
88,Mychal Givens,BAL,RP,2016
90,Jonathan Lucroy,TEX,C,2016
91,Mark Trumbo,BAL,RF,2016
92,Melky Cabrera,CHW,LF,2016
93,Stephen Piscotty,STL,RF,2016
94,Nate Jones,CHW,RP,2016
94,Chris Devenski,HOU,RP,2016
94,Dan Straily,CIN,SP,2016
97,Buster Posey,SF,C,2016
98,Michael Fulmer,DET,SP,2016
99,Jacob deGrom,NYM,SP,2016
100,Drew Pomeranz,BOS,SP,2016
1,Joey Votto,CIN,1B,2017
2,Corey Kluber,CLE,SP,2017
3,Giancarlo Stanton,MIA,RF,2017
4,Charlie Blackmon,COL,CF,2017
5,Chris Sale,BOS,SP,2017
6,Nolan Arenado,COL,3B,2017
7,Max Scherzer,WSH,SP,2017
8,Anthony Rizzo,CHC,1B,2017
9,Kenley Jansen,LAD,RP,2017
10,Clayton Kershaw,LAD,SP,2017
11,Jose Altuve,HOU,2B,2017
12,Craig Kimbrel,BOS,RP,2017
13,Marcell Ozuna,MIA,LF,2017
14,Mike Trout,LAA,CF,2017
15,Carlos Carrasco,CLE,SP,2017
16,Nelson Cruz,SEA,DH,2017
17,Stephen Strasburg,WSH,SP,2017
17,Luis Severino,NYY,SP,2017
19,Zack Greinke,ARI,SP,2017
20,Paul Goldschmidt,ARI,1B,2017
21,Bryce Harper,WSH,RF,2017
22,Daniel Murphy,WSH,2B,2017
23,Gio Gonzalez,WSH,SP,2017
24,Justin Verlander,HOU,SP,2017
25,Ryan Zimmerman,WSH,1B,2017
26,Mookie Betts,BOS,RF,2017
26,Cody Bellinger,LAD,1B,2017
28,Corey Knebel,MIL,RP,2017
29,Aaron Judge,NYY,RF,2017
30,Khris Davis,OAK,LF,2017
31,Jose Abreu,CHW,1B,2017
32,J.D. Martinez,ARI,RF,2017
32,Anthony Rendon,WSH,3B,2017
34,Ervin Santana,MIN,SP,2017
35,George Springer,HOU,CF,2017
36,Francisco Lindor,CLE,SS,2017
36,Jake Lamb,ARI,3B,2017
38,Justin Turner,LAD,3B,2017
38,Christian Yelich,MIA,CF,2017
40,Edwin Encarnacion,CLE,DH,2017
41,Justin Upton,LAA,LF,2017
42,Tommy Pham,STL,LF,2017
42,Dallas Keuchel,HOU,SP,2017
44,Marcus Stroman,TOR,SP,2017
45,Wade Davis,CHC,RP,2017
45,Drew Pomeranz,BOS,SP,2017
47,Chase Anderson,MIL,SP,2017
48,Brad Peacock,HOU,SP,2017
48,Kris Bryant,CHC,3B,2017
50,Freddie Freeman,ATL,1B,2017
51,Eric Hosmer,KC,1B,2017
51,Felipe Vazquez,PIT,RP,2017
53,Andrew Miller,CLE,RP,2017
53,Elvis Andrus,TEX,SS,2017
55,Alex Wood,LAD,SP,2017
56,Robbie Ray,ARI,SP,2017
57,Jay Bruce,CLE,RF,2017
58,Brad Hand,SD,RP,2017
59,Brian Dozier,MIN,2B,2017
60,Andrew McCutchen,PIT,CF,2017
61,Corey Seager,LAD,SS,2017
62,Raisel Iglesias,CIN,RP,2017
63,Jonathan Schoop,BAL,2B,2017
64,Josh Donaldson,TOR,3B,2017
65,Jimmy Nelson,MIL,SP,2017
66,Joe Mauer,MIN,1B,2017
66,David Robertson,NYY,RP,2017
66,Jacob deGrom,NYM,SP,2017
69,Marwin Gonzalez,HOU,LF,2017
70,Mike Clevinger,CLE,SP,2017
71,Sean Doolittle,WSH,RP,2017
72,Alex Colome,TB,RP,2017
73,Robinson Cano,SEA,2B,2017
73,Avisail Garcia,CHW,RF,2017
73,Travis Shaw,MIL,3B,2017
76,Jose Ramirez,CLE,3B,2017
77,Lance Lynn,STL,SP,2017
78,Justin Smoak,TOR,1B,2017
79,James Paxton,SEA,SP,2017
80,Brett Gardner,NYY,LF,2017
81,Yusmeiro Petit,LAA,RP,2017
82,Manny Machado,BAL,3B,2017
83,Chad Green,NYY,RP,2017
84,Domingo Santana,MIL,RF,2017
85,Carlos Correa,HOU,SS,2017
86,Zack Cozart,CIN,SS,2017
87,Matt Carpenter,STL,1B,2017
88,Kyle Hendricks,CHC,SP,2017
88,Zach Davies,MIL,SP,2017
90,Carlos Martinez,STL,SP,2017
91,Josh Reddick,HOU,RF,2017
91,Steven Souza Jr.,TB,RF,2017
91,Chris Taylor,LAD,CF,2017
94,Alex Cobb,TB,SP,2017
95,Andrew Cashner,TEX,SP,2017
96,Buster Posey,SF,C,2017
97,Nick Castellanos,DET,3B,2017
98,Ken Giles,HOU,RP,2017
99,Pat Neshek,COL,RP,2017
100,Jed Lowrie,OAK,2B,2017
1,Christian Yelich,MIL,RF,2018
2,J.D. Martinez,BOS,DH,2018
3,Mookie Betts,BOS,RF,2018
4,Jose Ramirez,CLE,2B,2018
5,Nolan Arenado,COL,3B,2018
6,Alex Bregman,HOU,3B,2018
7,Mike Trout,LAA,CF,2018
8,Manny Machado,LAD,SS,2018
9,Francisco Lindor,CLE,SS,2018
10,Freddie Freeman,ATL,1B,2018
11,Trevor Story,COL,SS,2018
12,Aaron Nola,PHI,SP,2018
13,Max Scherzer,WSH,SP,2018
14,Bryce Harper,WSH,RF,2018
15,Javier Baez,CHC,SS,2018
16,Blake Snell,TB,SP,2018
17,Charlie Blackmon,COL,CF,2018
18,Justin Verlander,HOU,SP,2018
19,Paul Goldschmidt,ARI,1B,2018
20,Corey Kluber,CLE,SP,2018
21,Jacob deGrom,NYM,SP,2018
22,Matt Carpenter,STL,1B,2018
23,Andrew Benintendi,BOS,LF,2018
24,Chris Sale,BOS,SP,2018
25,Gerrit Cole,HOU,SP,2018
26,Anthony Rendon,WSH,3B,2018
27,Mitch Haniger,SEA,RF,2018
28,Giancarlo Stanton,NYY,LF,2018
29,Nick Markakis,ATL,RF,2018
29,Khris Davis,OAK,LF,2018
31,Edwin Diaz,SEA,RP,2018
32,Miles Mikolas,STL,SP,2018
33,Trevor Bauer,CLE,SP,2018
34,Whit Merrifield,KC,2B,2018
35,Scooter Gennett,CIN,2B,2018
36,Eugenio Suarez,CIN,3B,2018
37,Nick Castellanos,DET,RF,2018
38,Anthony Rizzo,CHC,1B,2018
38,Blake Treinen,OAK,RP,2018
40,Trea Turner,WSH,SS,2018
41,Rhys Hoskins,PHI,LF,2018
42,Michael Brantley,CLE,LF,2018
43,Patrick Corbin,ARI,SP,2018
44,Lorenzo Cain,MIL,CF,2018
45,Jose Altuve,HOU,2B,2018
46,Luis Severino,NYY,SP,2018
47,Xander Bogaerts,BOS,SS,2018
48,Kyle Freeland,COL,SP,2018
49,Miguel Andujar,NYY,3B,2018
50,Carlos Carrasco,CLE,SP,2018
51,Jed Lowrie,OAK,2B,2018
52,Mike Clevinger,CLE,SP,2018
53,Jesus Aguilar,MIL,1B,2018
54,Mike Foltynewicz,ATL,SP,2018
55,Charlie Morton,HOU,SP,2018
56,Zack Greinke,ARI,SP,2018
57,Aaron Hicks,NYY,CF,2018
58,Matt Chapman,OAK,3B,2018
59,Ozzie Albies,ATL,2B,2018
60,David Peralta,ARI,RF,2018
61,Craig Kimbrel,BOS,RP,2018
62,Noah Syndergaard,NYM,SP,2018
63,Max Muncy,LAD,1B,2018
64,Jameson Taillon,PIT,SP,2018
65,Tommy Pham,TB,CF,2018
66,Walker Buehler,LAD,SP,2018
67,Jon Lester,CHC,SP,2018
68,Edwin Encarnacion,CLE,1B,2018
69,Didi Gregorius,NYY,SS,2018
70,Cesar Hernandez,PHI,2B,2018
71,Justin Turner,LAD,3B,2018
72,Matt Olson,OAK,1B,2018
73,Andrew McCutchen,NYY,CF,2018
74,George Springer,HOU,CF,2018
75,Jean Segura,SEA,SS,2018
76,Carlos Santana,PHI,1B,2018
77,Zack Wheeler,NYM,SP,2018
78,Nelson Cruz,SEA,DH,2018
79,Clayton Kershaw,LAD,SP,2018
80,Joey Votto,CIN,1B,2018
81,Wade Davis,COL,RP,2018
81,Aroldis Chapman,NYY,RP,2018
81,Joey Gallo,TEX,3B,2018
81,Aaron Judge,NYY,RF,2018
85,Jose Martinez,STL,1B,2018
86,Kenley Jansen,LAD,RP,2018
87,Stephen Piscotty,OAK,RF,2018
88,J.A. Happ,NYY,SP,2018
89,Shin-Soo Choo,TEX,RF,2018
89,Marcus Semien,OAK,SS,2018
91,Trevor Williams,PIT,SP,2018
92,Juan Soto,WSH,LF,2018
93,Travis Shaw,MIL,2B,2018
94,Ben Zobrist,CHC,LF,2018
95,Brandon Nimmo,NYM,CF,2018
95,Josh Hader,MIL,RP,2018
95,Kyle Hendricks,CHC,SP,2018
98,Brian Anderson,MIA,3B,2018
99,Justin Upton,LAA,LF,2018
99,Cody Bellinger,LAD,CF,2018
1,Cody Bellinger,LAD,RF,2019
2,Alex Bregman,HOU,3B,2019
3,Anthony Rendon,WSH,3B,2019
4,Freddie Freeman,ATL,1B,2019
5,Xander Bogaerts,BOS,SS,2019
6,Christian Yelich,MIL,RF,2019
7,Nolan Arenado,COL,3B,2019
8,Ronald Acuna Jr.,ATL,CF,2019
9,Mike Trout,LAA,CF,2019
10,Justin Verlander,HOU,SP,2019
11,Gerrit Cole,HOU,SP,2019
12,Rafael Devers,BOS,3B,2019
13,DJ LeMahieu,NYY,2B,2019
14,Mookie Betts,BOS,RF,2019
15,J.D. Martinez,BOS,LF,2019
16,Marcus Semien,OAK,SS,2019
17,Juan Soto,WSH,LF,2019
18,Ketel Marte,ARI,2B,2019
19,Pete Alonso,NYM,1B,2019
20,Carlos Santana,CLE,1B,2019
21,Charlie Morton,TB,SP,2019
22,Bryce Harper,PHI,RF,2019
23,Zack Greinke,HOU,SP,2019
24,Trevor Story,COL,SS,2019
25,Jacob deGrom,NYM,SP,2019
26,Nelson Cruz,MIN,DH,2019
27,Stephen Strasburg,WSH,SP,2019
28,Charlie Blackmon,COL,RF,2019
29,George Springer,HOU,CF,2019
30,Trey Mancini,BAL,RF,2019
31,Josh Donaldson,ATL,3B,2019
31,Kirby Yates,SD,RP,2019
33,Hyun Jin Ryu,LAD,SP,2019
34,Shane Bieber,CLE,SP,2019
35,Josh Bell,PIT,1B,2019
35,Max Muncy,LAD,1B,2019
37,Jorge Polanco,MIN,SS,2019
38,Ozzie Albies,ATL,2B,2019
39,Jorge Soler,KC,RF,2019
40,Michael Brantley,HOU,LF,2019
41,Eduardo Escobar,ARI,3B,2019
42,Michael Soroka,ATL,SP,2019
43,Eugenio Suarez,CIN,3B,2019
44,Walker Buehler,LAD,SP,2019
45,Jack Flaherty,STL,SP,2019
46,Anthony Rizzo,CHC,1B,2019
47,Josh Hader,MIL,RP,2019
48,Patrick Corbin,WSH,SP,2019
49,Mike Clevinger,CLE,SP,2019
50,Lance Lynn,TEX,SP,2019
51,Whit Merrifield,KC,2B,2019
52,Kris Bryant,CHC,3B,2019
53,Clayton Kershaw,LAD,SP,2019
53,Max Scherzer,WSH,SP,2019
55,Luis Castillo,CIN,SP,2019
56,Matt Chapman,OAK,3B,2019
57,Jose Abreu,CHW,1B,2019
58,Roberto Osuna,HOU,RP,2019
59,Lucas Giolito,CHW,SP,2019
60,Jeff McNeil,NYM,LF,2019
61,Eduardo Rodriguez,BOS,SP,2019
62,Jonathan Villar,BAL,2B,2019
63,Sonny Gray,CIN,SP,2019
64,Yuli Gurriel,HOU,1B,2019
65,Aroldis Chapman,NYY,RP,2019
66,Felipe Vazquez,PIT,RP,2019
67,Paul Goldschmidt,STL,1B,2019
68,Michael Conforto,NYM,RF,2019
69,Francisco Lindor,CLE,SS,2019
69,Gleyber Torres,NYY,2B,2019
71,Austin Meadows,TB,CF,2019
72,Mike Minor,TEX,SP,2019
73,Yoan Moncada,CHW,3B,2019
74,Max Kepler,MIN,RF,2019
75,Will Smith,SF,RP,2019
76,Jose Berrios,MIN,SP,2019
77,Dakota Hudson,STL,SP,2019
78,Yasmani Grandal,MIL,C,2019
79,Marcus Stroman,NYM,SP,2019
80,Starling Marte,PIT,CF,2019
80,Rhys Hoskins,PHI,1B,2019
82,Trea Turner,WSH,SS,2019
83,Jake Odorizzi,MIN,SP,2019
84,Adam Eaton,WSH,RF,2019
85,Nick Castellanos,CHC,RF,2019
86,Mike Fiers,OAK,SP,2019
87,Tommy Pham,TB,CF,2019
88,Eddie Rosario,MIN,LF,2019
89,Marco Gonzales,SEA,SP,2019
90,Emilio Pagan,TB,RP,2019
91,Ken Giles,TOR,RP,2019
92,Kyle Schwarber,CHC,LF,2019
93,Alex Colome,CHW,RP,2019
94,Giovanny Gallegos,STL,RP,2019
95,Bryan Reynolds,PIT,LF,2019
96,Shin-Soo Choo,TEX,LF,2019
97,Justin Turner,LAD,3B,2019
98,Brandon Workman,BOS,RP,2019
99,Jose Altuve,HOU,2B,2019
100,Tim Anderson,CHW,SS,2019
1,Marcell Ozuna,ATL,LF,2020
2,Freddie Freeman,ATL,1B,2020
3,Trea Turner,WSH,SS,2020
4,Jose Abreu,CHW,1B,2020
5,Jose Ramirez,CLE,3B,2020
6,Manny Machado,SD,3B,2020
7,Fernando Tatis Jr.,SD,SS,2020
8,Mookie Betts,LAD,RF,2020
9,Shane Bieber,CLE,SP,2020
10,Juan Soto,WSH,LF,2020
11,Corey Seager,LAD,SS,2020
12,Mike Trout,LAA,CF,2020
13,DJ LeMahieu,NYY,2B,2020
14,Yu Darvish,CHC,SP,2020
15,Ronald Acuna Jr.,ATL,CF,2020
16,Michael Conforto,NYM,RF,2020
17,Bryce Harper,PHI,RF,2020
18,Trevor Bauer,CIN,SP,2020
19,Luke Voit,NYY,1B,2020
20,Mike Yastrzemski,SF,RF,2020
21,Corbin Burnes,MIL,RP,2020
22,Dallas Keuchel,CHW,SP,2020
23,Gerrit Cole,NYY,SP,2020
24,Trevor Story,COL,SS,2020
25,Brandon Lowe,TB,2B,2020
26,Dansby Swanson,ATL,SS,2020
27,Jacob deGrom,NYM,SP,2020
28,Cavan Biggio,TOR,2B,2020
29,Wil Myers,SD,CF,2020
30,Dinelson Lamet,SD,SP,2020
31,Kenta Maeda,MIN,SP,2020
32,Nelson Cruz,MIN,DH,2020
33,Liam Hendriks,OAK,RP,2020
34,Dominic Smith,NYM,1B,2020
35,Tim Anderson,CHW,SS,2020
36,Kyle Hendricks,CHC,SP,2020
37,Max Fried,ATL,SP,2020
38,Clayton Kershaw,LAD,SP,2020
39,Charlie Blackmon,COL,RF,2020
40,Zach Davies,SD,SP,2020
40,Eloy Jimenez,CHW,LF,2020
42,Kole Calhoun,ARI,RF,2020
43,Alex Colome,CHW,RP,2020
43,Hyun Jin Ryu,TOR,SP,2020
45,Lance Lynn,TEX,SP,2020
45,Trent Grisham,SD,RF,2020
47,George Springer,HOU,CF,2020
48,Chris Bassitt,OAK,SP,2020
49,Marco Gonzales,SEA,SP,2020
50,Mark Canha,OAK,CF,2020
51,Xander Bogaerts,BOS,SS,2020
52,Kyle Seager,SEA,3B,2020
53,Anthony Rendon,LAA,3B,2020
54,Paul Goldschmidt,STL,1B,2020
55,Rafael Devers,BOS,3B,2020
56,Brad Hand,CLE,RP,2020
57,Zack Wheeler,PHI,SP,2020
58,Nick Castellanos,CIN,RF,2020
59,Whit Merrifield,KC,2B,2020
60,Kyle Tucker,HOU,RF,2020
61,Didi Gregorius,PHI,SS,2020
62,Brad Keller,KC,SP,2020
63,Kwang Hyun Kim,STL,SP,2020
64,Trevor Rosenthal,SD,RP,2020
65,Matt Olson,OAK,1B,2020
66,Zac Gallen,ARI,SP,2020
67,Randal Grichuk,TOR,CF,2020
68,Eddie Rosario,MIN,RF,2020
69,Teoscar Hernandez,TOR,LF,2020
70,Josh Hader,MIL,RP,2020
71,Zach Plesac,CLE,SP,2020
72,Brandon Belt,SF,1B,2020
72,Lucas Giolito,CHW,SP,2020
74,Dylan Bundy,LAA,SP,2020
75,Brandon Woodruff,MIL,SP,2020
76,Brandon Nimmo,NYM,CF,2020
77,Eugenio Suarez,CIN,3B,2020
78,Travis d'Arnaud,ATL,C,2020
79,Devin Williams,MIL,RP,2020
79,Framber Valdez,HOU,SP,2020
81,Aaron Nola,PHI,SP,2020
82,Kyle Lewis,SEA,RF,2020
83,Starling Marte,MIA,CF,2020
84,Ian Happ,CHC,CF,2020
85,Cesar Hernandez,CLE,2B,2020
86,Christian Yelich,MIL,RF,2020
87,Tony Gonsolin,LAD,SP,2020
88,David Fletcher,LAA,3B,2020
89,Jose Iglesias,BAL,SS,2020
89,Jeremy Jeffress,CHC,RP,2020
91,Pete Alonso,NYM,1B,2020
92,Lourdes Gurriel Jr.,TOR,LF,2020
93,Chris Taylor,LAD,LF,2020
94,Alec Bohm,PHI,3B,2020
95,Christian Walker,ARI,1B,2020
96,Antonio Senzatela,COL,SP,2020
97,Cody Bellinger,LAD,CF,2020
98,Justin Turner,LAD,3B,2020
99,Willson Contreras,CHC,C,2020
100,AJ Pollock,LAD,LF,2020
1,Vladimir Guerrero Jr.,TOR,DH,2021
2,Trea Turner,LAD,SS,2021
3,Freddie Freeman,ATL,1B,2021
4,Juan Soto,WSH,LF,2021
5,Walker Buehler,LAD,SP,2021
6,Austin Riley,ATL,3B,2021
7,Bryce Harper,PHI,RF,2021
8,Rafael Devers,BOS,3B,2021
9,Paul Goldschmidt,STL,1B,2021
10,Matt Olson,OAK,1B,2021
11,Bo Bichette,TOR,SS,2021
12,Marcus Semien,TOR,2B,2021
13,Jose Ramirez,CLE,3B,2021
14,Nick Castellanos,CIN,RF,2021
15,Max Scherzer,LAD,SP,2021
16,Zack Wheeler,PHI,SP,2021
17,Aaron Judge,NYY,RF,2021
18,Fernando Tatis Jr.,SD,SS,2021
19,Kevin Gausman,SF,SP,2021
20,Bryan Reynolds,PIT,LF,2021
21,Corbin Burnes,MIL,SP,2021
22,Carlos Correa,HOU,SS,2021
23,Robbie Ray,TOR,SP,2021
24,Teoscar Hernandez,TOR,RF,2021
25,Salvador Perez,KC,C,2021
26,Ozzie Albies,ATL,2B,2021
27,Julio Urias,LAD,SP,2021
28,Max Muncy,LAD,1B,2021
29,Mitch Haniger,SEA,RF,2021
30,Jose Altuve,HOU,2B,2021
31,Adam Wainwright,STL,SP,2021
32,Liam Hendriks,CHW,RP,2021
33,Josh Hader,MIL,RP,2021
34,Yuli Gurriel,HOU,1B,2021
35,Brandon Lowe,TB,2B,2021
36,Carlos Rodon,CHW,SP,2021
37,Gerrit Cole,NYY,SP,2021
38,Xander Bogaerts,BOS,SS,2021
39,Charlie Morton,ATL,SP,2021
40,Brandon Woodruff,MIL,SP,2021
41,Kyle Tucker,HOU,LF,2021
42,J.D. Martinez,BOS,LF,2021
43,Yordan Alvarez,HOU,DH,2021
44,Cedric Mullins,BAL,CF,2021
45,Jose Abreu,CHW,1B,2021
46,Brandon Crawford,SF,SS,2021
47,Manny Machado,SD,3B,2021
48,Jonathan India,CIN,3B,2021
49,Jorge Polanco,MIN,SS,2021
50,Joey Votto,CIN,1B,2021
51,Ty France,SEA,3B,2021
52,Nolan Arenado,STL,3B,2021
53,Kenley Jansen,LAD,RP,2021
54,Max Fried,ATL,SP,2021
55,Lance McCullers Jr.,HOU,SP,2021
56,Justin Turner,LAD,3B,2021
57,Whit Merrifield,KC,RF,2021
58,Lance Lynn,CHW,SP,2021
59,Tyler O'Neill,STL,LF,2021
60,Frankie Montas,OAK,SP,2021
61,Freddy Peralta,MIL,RP,2021
62,Chris Bassitt,OAK,SP,2021
63,Pete Alonso,NYM,1B,2021
64,Sandy Alcantara,MIA,SP,2021
65,Logan Webb,SF,SP,2021
66,Joe Musgrove,SD,SP,2021
67,Raisel Iglesias,LAA,RP,2021
67,Chris Flexen,SEA,RP,2021
69,Kyle Seager,SEA,3B,2021
70,Starling Marte,OAK,CF,2021
71,C.J. Cron,COL,1B,2021
72,Marcus Stroman,NYM,SP,2021
73,Randy Arozarena,TB,LF,2021
74,Anthony DeSclafani,SF,SP,2021
75,Jesse Winker,CIN,RF,2021
76,Giancarlo Stanton,NYY,DH,2021
77,Buster Posey,SF,C,2021
78,Joey Gallo,NYY,CF,2021
79,Corey Seager,LAD,SS,2021
80,Adam Frazier,SD,2B,2021
81,Trevor Rogers,MIA,SP,2021
82,Jose Berrios,TOR,SP,2021
83,Robbie Grossman,DET,LF,2021
84,Hunter Renfroe,BOS,RF,2021
85,Tim Anderson,CHW,SS,2021
86,Yoan Moncada,CHW,3B,2021
87,Ryan Pressly,HOU,RP,2021
88,Jake Cronenworth,SD,2B,2021
89,Craig Kimbrel,CHW,RP,2021
90,Mookie Betts,LAD,RF,2021
91,Austin Meadows,TB,DH,2021
92,Jonathan Schoop,DET,2B,2021
93,Mark Melancon,SD,RP,2021
93,Jordan Romano,TOR,SP,2021
95,Mark Canha,OAK,LF,2021
96,Nicky Lopez,KC,2B,2021
97,Adam Duvall,ATL,LF,2021
98,Tyler Mahle,CIN,SP,2021
99,Alex Reyes,STL,RP,2021
100,Kris Bryant,SF,3B,2021
1,Aaron Judge,NYY,CF,2022
2,Paul Goldschmidt,STL,1B,2022
3,Freddie Freeman,LAD,1B,2022
4,Yordan Alvarez,HOU,DH,2022
5,Manny Machado,SD,3B,2022
6,Jose Ramirez,CLE,3B,2022
7,Trea Turner,LAD,SS,2022
8,Pete Alonso,NYM,1B,2022
9,Jose Altuve,HOU,2B,2022
10,Austin Riley,ATL,3B,2022
11,Justin Verlander,HOU,SP,2022
12,Nolan Arenado,STL,3B,2022
13,Mookie Betts,LAD,RF,2022
13,Sandy Alcantara,MIA,SP,2022
15,Jose Abreu,CHW,1B,2022
16,Rafael Devers,BOS,3B,2022
17,Francisco Lindor,NYM,SS,2022
18,Vladimir Guerrero Jr.,TOR,1B,2022
19,Xander Bogaerts,BOS,SS,2022
20,Emmanuel Clase,CLE,RP,2022
21,Alex Bregman,HOU,3B,2022
22,Bo Bichette,TOR,SS,2022
23,Dansby Swanson,ATL,SS,2022
24,Dylan Cease,CHW,SP,2022
25,Alek Manoah,TOR,SP,2022
26,Brandon Nimmo,NYM,CF,2022
27,Matt Olson,ATL,1B,2022
28,Kyle Schwarber,PHI,LF,2022
29,Max Fried,ATL,SP,2022
30,Zac Gallen,ARI,SP,2022
31,Julio Urias,LAD,SP,2022
32,Framber Valdez,HOU,SP,2022
33,Mike Trout,LAA,CF,2022
34,Shohei Ohtani,LAA,SP,2022
35,Steven Kwan,CLE,LF,2022
36,Jeff McNeil,NYM,2B,2022
37,Tyler Anderson,LAD,SP,2022
37,Tony Gonsolin,LAD,SP,2022
39,Edwin Diaz,NYM,RP,2022
40,Marcus Semien,TEX,2B,2022
41,Corbin Burnes,MIL,SP,2022
42,Juan Soto,SD,RF,2022
43,Kyle Tucker,HOU,RF,2022
44,Nathaniel Lowe,TEX,1B,2022
45,Carlos Rodon,SF,SP,2022
46,Adolis Garcia,TEX,RF,2022
47,Logan Webb,SF,SP,2022
48,Shane Bieber,CLE,SP,2022
49,Luis Arraez,MIN,1B,2022
50,Julio Rodriguez,SEA,CF,2022
51,Clayton Kershaw,LAD,SP,2022
52,Christian Yelich,MIL,LF,2022
53,Christian Walker,ARI,1B,2022
54,Yu Darvish,SD,SP,2022
55,Willy Adames,MIL,SS,2022
56,Corey Seager,TEX,SS,2022
57,Nestor Cortes,NYY,SP,2022
58,Daniel Bard,COL,RP,2022
59,Andres Gimenez,CLE,2B,2022
60,Shane McClanahan,TB,SP,2022
61,Amed Rosario,CLE,SS,2022
62,C.J. Cron,COL,1B,2022
63,Jake Cronenworth,SD,2B,2022
64,Ryan Helsley,STL,RP,2022
65,J.T. Realmuto,PHI,C,2022
66,Max Scherzer,NYM,SP,2022
67,Carlos Correa,MIN,SS,2022
68,George Springer,TOR,CF,2022
69,Eugenio Suarez,SEA,3B,2022
70,Anthony Santander,BAL,RF,2022
71,Spencer Strider,ATL,SP,2022
72,Yandy Diaz,TB,3B,2022
73,Rhys Hoskins,PHI,1B,2022
74,Randy Arozarena,TB,LF,2022
75,Will Smith,LAD,C,2022
76,Brandon Drury,SD,1B,2022
77,Aaron Nola,PHI,SP,2022
78,Tommy Edman,STL,2B,2022
79,Josh Bell,SD,1B,2022
79,Cristian Javier,HOU,SP,2022
81,Cedric Mullins,BAL,CF,2022
82,Jordan Romano,TOR,RP,2022
83,Kyle Wright,ATL,SP,2022
84,Martin Perez,TEX,SP,2022
85,Alejandro Kirk,TOR,C,2022
86,Bobby Witt Jr.,KC,SS,2022
87,Matt Chapman,TOR,3B,2022
88,Kenley Jansen,ATL,RP,2022
89,Rowdy Tellez,MIL,1B,2022
90,Liam Hendriks,CHW,RP,2022
90,Triston McKenzie,CLE,SP,2022
92,Evan Phillips,LAD,RP,2022
93,Ty France,SEA,1B,2022
94,Justin Turner,LAD,3B,2022
95,Brandon Woodruff,MIL,SP,2022
96,Anthony Rizzo,NYY,1B,2022
97,Taylor Ward,LAA,RF,2022
98,Ian Happ,CHC,LF,2022
99,Bryan Reynolds,PIT,CF,2022
100,Jason Adam,TB,RP,2022
1,Ronald Acuna Jr.,ATL,RF,2023
2,Mookie Betts,LAD,RF,2023
3,Freddie Freeman,LAD,1B,2023
4,Matt Olson,ATL,1B,2023
5,Kyle Tucker,HOU,RF,2023
6,Gerrit Cole,NYY,SP,2023
7,Juan Soto,SD,LF,2023
8,Austin Riley,ATL,3B,2023
9,Corey Seager,TEX,SS,2023
10,Marcus Semien,TEX,2B,2023
11,Blake Snell,SD,SP,2023
12,Julio Rodriguez,SEA,CF,2023
13,Yandy Diaz,TB,1B,2023
13,Ozzie Albies,ATL,2B,2023
15,Corbin Carroll,ARI,LF,2023
16,Alex Bregman,HOU,3B,2023
17,Kyle Schwarber,PHI,LF,2023
18,Zac Gallen,ARI,SP,2023
19,Francisco Lindor,NYM,SS,2023
20,Bobby Witt Jr.,KC,SS,2023
21,Adolis Garcia,TEX,RF,2023
22,Justin Steele,CHC,SP,2023
23,Rafael Devers,BOS,3B,2023
24,Christian Yelich,MIL,LF,2023
25,Yordan Alvarez,HOU,LF,2023
26,Luis Castillo,SEA,SP,2023
27,Pete Alonso,NYM,1B,2023
28,Cody Bellinger,CHC,CF,2023
29,Kyle Bradish,BAL,SP,2023
30,Adley Rutschman,BAL,C,2023
31,Clayton Kershaw,LAD,SP,2023
32,Jose Ramirez,CLE,3B,2023
33,William Contreras,MIL,C,2023
34,Kodai Senga,NYM,SP,2023
35,Max Muncy,LAD,3B,2023
36,Kevin Gausman,TOR,SP,2023
37,Logan Webb,SF,SP,2023
38,Devin Williams,MIL,RP,2023
39,Trea Turner,PHI,SS,2023
40,Zack Wheeler,PHI,SP,2023
41,Luis Arraez,MIA,2B,2023
42,Marcell Ozuna,ATL,DH,2023
42,Nico Hoerner,CHC,2B,2023
44,Ketel Marte,ARI,2B,2023
45,Nathaniel Lowe,TEX,1B,2023
46,Sonny Gray,MIN,SP,2023
47,Christian Walker,ARI,1B,2023
48,Spencer Strider,ATL,SP,2023
49,Zach Eflin,TB,SP,2023
50,Felix Bautista,BAL,RP,2023
51,Corbin Burnes,MIL,SP,2023
52,Randy Arozarena,TB,LF,2023
53,Nick Castellanos,PHI,RF,2023
54,George Kirby,SEA,SP,2023
55,Merrill Kelly,ARI,SP,2023
56,Lane Thomas,WSH,RF,2023
57,J.P. Crawford,SEA,SS,2023
58,Ian Happ,CHC,LF,2023
59,Bryce Harper,PHI,DH,2023
60,Paul Goldschmidt,STL,1B,2023
61,Chris Bassitt,TOR,SP,2023
62,Gunnar Henderson,BAL,3B,2023
63,Jordan Montgomery,TEX,SP,2023
64,Framber Valdez,HOU,SP,2023
65,Aaron Judge,NYY,RF,2023
66,Brandon Nimmo,NYM,CF,2023
66,Michael Wacha,SD,SP,2023
66,Isaac Paredes,TB,3B,2023
69,Justin Verlander,HOU,SP,2023
70,Josh Hader,SD,RP,2023
71,Spencer Torkelson,DET,1B,2023
72,Anthony Santander,BAL,RF,2023
73,Vladimir Guerrero Jr.,TOR,1B,2023
74,Xander Bogaerts,SD,SS,2023
75,David Bednar,PIT,RP,2023
76,Tanner Bibee,CLE,SP,2023
77,Spencer Steer,CIN,1B,2023
78,Justin Turner,BOS,DH,2023
79,Pablo Lopez,MIN,SP,2023
80,Shohei Ohtani,LAA,DH,2023
81,Evan Phillips,LAD,RP,2023
82,Eduardo Rodriguez,DET,SP,2023
83,Alexis Diaz,CIN,RP,2023
84,Gleyber Torres,NYY,2B,2023
85,Jose Altuve,HOU,2B,2023
86,Luis Robert Jr.,CHW,CF,2023
87,Logan Gilbert,SEA,SP,2023
88,Bo Bichette,TOR,SS,2023
89,Seiya Suzuki,CHC,RF,2023
90,Fernando Tatis Jr.,SD,RF,2023
91,Shane McClanahan,TB,SP,2023
92,Steven Kwan,CLE,LF,2023
93,Teoscar Hernandez,SEA,RF,2023
94,Eugenio Suarez,SEA,3B,2023
95,Will Smith,LAD,C,2023
96,Jesus Luzardo,MIA,SP,2023
97,Jorge Soler,MIA,DH,2023
98,Alec Bohm,PHI,1B,2023
98,Bryce Elder,ATL,SP,2023
100,Camilo Doval,SF,RP,2023
